{"assets/CHANGELOG.md":["assets/CHANGELOG.md"],"assets/img/logo-32-black-white.png":["assets/img/logo-32-black-white.png"],"assets/img/logo-32.ico":["assets/img/logo-32.ico"],"assets/img/logo-32.png":["assets/img/logo-32.png"],"assets/img/logo-512.png":["assets/img/logo-512.png"],"packages/wakelock_web/assets/no_sleep.js":["packages/wakelock_web/assets/no_sleep.js"],"packages/window_manager/images/ic_chrome_close.png":["packages/window_manager/images/ic_chrome_close.png"],"packages/window_manager/images/ic_chrome_maximize.png":["packages/window_manager/images/ic_chrome_maximize.png"],"packages/window_manager/images/ic_chrome_minimize.png":["packages/window_manager/images/ic_chrome_minimize.png"],"packages/window_manager/images/ic_chrome_unmaximize.png":["packages/window_manager/images/ic_chrome_unmaximize.png"]}